Arrival Rate (pps),Simulation Duration (s),Flow Direction,Packets Sent,Packets Received,Average Delay (s)
100,1,AP->STA1,100,100,0.00108661
200,1,AP->STA1,200,200,0.00108519
300,1,AP->STA1,301,300,0.00110241
400,1,AP->STA1,400,400,0.00111067
500,1,AP->STA1,500,500,0.00113627
600,1,AP->STA1,600,599,0.001144
700,1,AP->STA1,701,698,0.00117981
800,1,AP->STA1,800,798,0.00136052
900,1,AP->STA1,901,896,0.00274296
1000,1,AP->STA1,1000,968,0.0181559
1100,1,AP->STA1,1100,968,0.061476
1200,1,AP->STA1,1201,968,0.0975763
1300,1,AP->STA1,1300,968,0.128889
1400,1,AP->STA1,1400,968,0.155017
1500,1,AP->STA1,1500,968,0.178325
1600,1,AP->STA1,1600,968,0.198098
1700,1,AP->STA1,1701,968,0.21613
1800,1,AP->STA1,1800,968,0.231605
1900,1,AP->STA1,1900,968,0.245451
2000,1,AP->STA1,2000,968,0.258336
2100,1,AP->STA1,2101,968,0.269384
2200,1,AP->STA1,2201,968,0.279918
2300,1,AP->STA1,2300,968,0.289119
2400,1,AP->STA1,2400,968,0.297561
2500,1,AP->STA1,2500,968,0.305752
2600,1,AP->STA1,2601,968,0.312933
2700,1,AP->STA1,2701,968,0.319959
2800,1,AP->STA1,2800,968,0.32613
2900,1,AP->STA1,2900,968,0.332227
3000,1,AP->STA1,3001,968,0.33759
3100,1,AP->STA1,3100,968,0.342614
3200,1,AP->STA1,3200,968,0.347641
3300,1,AP->STA1,3301,968,0.35206
3400,1,AP->STA1,3400,968,0.356511
3500,1,AP->STA1,3501,968,0.360431
3600,1,AP->STA1,3600,968,0.364131
3700,1,AP->STA1,3701,968,0.367905
3800,1,AP->STA1,3800,968,0.371218
3900,1,AP->STA1,3901,968,0.374614
4000,1,AP->STA1,4000,968,0.377597
4100,1,AP->STA1,4101,968,0.380678
4200,1,AP->STA1,4201,968,0.383375
4300,1,AP->STA1,4301,968,0.385947
4400,1,AP->STA1,4400,968,0.388629
4500,1,AP->STA1,4501,968,0.390979
4600,1,AP->STA1,4601,968,0.393439
4700,1,AP->STA1,4700,968,0.395579
4800,1,AP->STA1,4801,968,0.39763
4900,1,AP->STA1,4900,968,0.39981
5000,1,AP->STA1,5000,968,0.401693
5100,1,AP->STA1,5101,968,0.403707
5200,1,AP->STA1,5200,968,0.405447
5300,1,AP->STA1,5301,968,0.407125
5400,1,AP->STA1,5401,968,0.408922
5500,1,AP->STA1,5501,968,0.410476
5600,1,AP->STA1,5601,968,0.41215
5700,1,AP->STA1,5700,968,0.413596
5800,1,AP->STA1,5800,968,0.415156
5900,1,AP->STA1,5900,968,0.416501
6000,1,AP->STA1,6000,968,0.417804
6100,1,AP->STA1,6101,968,0.419215
6200,1,AP->STA1,6201,968,0.420432
6300,1,AP->STA1,6301,968,0.421762
6400,1,AP->STA1,6400,968,0.422896
6500,1,AP->STA1,6501,968,0.424
6600,1,AP->STA1,6601,968,0.425217
6700,1,AP->STA1,6700,968,0.426247
6800,1,AP->STA1,6800,968,0.4274
6900,1,AP->STA1,6900,968,0.428375
7000,1,AP->STA1,7001,968,0.429456
7100,1,AP->STA1,7101,968,0.430372
7200,1,AP->STA1,7200,968,0.431265
7300,1,AP->STA1,7301,968,0.432266
7400,1,AP->STA1,7401,968,0.433105
7500,1,AP->STA1,7501,968,0.434057
7600,1,AP->STA1,7600,968,0.434854
7700,1,AP->STA1,7701,968,0.435631
7800,1,AP->STA1,7801,968,0.436511
7900,1,AP->STA1,7901,968,0.437242
8000,1,AP->STA1,8000,968,0.438084
8100,1,AP->STA1,8100,968,0.438783
8200,1,AP->STA1,8201,968,0.439582
8300,1,AP->STA1,8300,968,0.440245
8400,1,AP->STA1,8400,968,0.440889
8500,1,AP->STA1,8501,968,0.441638
8600,1,AP->STA1,8601,968,0.442255
8700,1,AP->STA1,8700,968,0.442972
8800,1,AP->STA1,8801,968,0.443556
8900,1,AP->STA1,8900,968,0.444129
9000,1,AP->STA1,9001,968,0.444799
9100,1,AP->STA1,9101,968,0.445345
9200,1,AP->STA1,9200,968,0.445989
9300,1,AP->STA1,9300,968,0.446513
9400,1,AP->STA1,9400,968,0.447026
9500,1,AP->STA1,9501,968,0.447629
9600,1,AP->STA1,9600,968,0.448118
9700,1,AP->STA1,9700,968,0.448698
9800,1,AP->STA1,9800,968,0.449165
9900,1,AP->STA1,9901,968,0.449726
10000,1,AP->STA1,10000,968,0.450176
10100,1,AP->STA1,10100,968,0.450616
10200,1,AP->STA1,10201,968,0.451146
10300,1,AP->STA1,10301,968,0.451566
10400,1,AP->STA1,10400,968,0.452076
10500,1,AP->STA1,10501,968,0.45248
10600,1,AP->STA1,10600,968,0.452875
10700,1,AP->STA1,10700,968,0.453359
10800,1,AP->STA1,10800,968,0.453741
10900,1,AP->STA1,10901,968,0.454208
11000,1,AP->STA1,11001,968,0.454576
11100,1,AP->STA1,11101,968,0.455027
11200,1,AP->STA1,11200,968,0.455381
11300,1,AP->STA1,11300,968,0.455726
11400,1,AP->STA1,11401,968,0.456156
11500,1,AP->STA1,11500,968,0.45649
11600,1,AP->STA1,11600,968,0.456903
11700,1,AP->STA1,11701,968,0.457224
11800,1,AP->STA1,11800,968,0.457541
11900,1,AP->STA1,11900,968,0.457937
12000,1,AP->STA1,12001,968,0.458244
12100,1,AP->STA1,12100,968,0.458627
12200,1,AP->STA1,12201,968,0.458922
12300,1,AP->STA1,12300,968,0.459294
12400,1,AP->STA1,12401,968,0.459577
12500,1,AP->STA1,12500,968,0.459858
12600,1,AP->STA1,12601,968,0.460213
12700,1,AP->STA1,12701,968,0.460485
12800,1,AP->STA1,12800,968,0.460829
12900,1,AP->STA1,12901,968,0.46109
13000,1,AP->STA1,13001,968,0.461347
13100,1,AP->STA1,13100,968,0.461677
13200,1,AP->STA1,13200,968,0.461927
13300,1,AP->STA1,13300,968,0.462248
13400,1,AP->STA1,13400,968,0.46249
13500,1,AP->STA1,13501,968,0.462728
13600,1,AP->STA1,13601,968,0.463037
13700,1,AP->STA1,13700,968,0.463267
13800,1,AP->STA1,13800,968,0.463567
13900,1,AP->STA1,13901,968,0.463789
14000,1,AP->STA1,14000,968,0.46408
14100,1,AP->STA1,14100,968,0.464297
14200,1,AP->STA1,14200,968,0.464511
14300,1,AP->STA1,14301,968,0.464792
14400,1,AP->STA1,14401,968,0.465
14500,1,AP->STA1,14500,968,0.465272
14600,1,AP->STA1,14601,968,0.465472
14700,1,AP->STA1,14701,968,0.46567
14800,1,AP->STA1,14800,968,0.465933
14900,1,AP->STA1,14901,968,0.466126
15000,1,AP->STA1,15000,968,0.466382
15100,1,AP->STA1,15101,968,0.46657
15200,1,AP->STA1,15201,968,0.466821
15300,1,AP->STA1,15301,968,0.467003
15400,1,AP->STA1,15401,968,0.467182
15500,1,AP->STA1,15501,968,0.467424
15600,1,AP->STA1,15600,968,0.467598
15700,1,AP->STA1,15701,968,0.467835
15800,1,AP->STA1,15801,968,0.468002
15900,1,AP->STA1,15901,968,0.46817
16000,1,AP->STA1,16000,968,0.468398
16100,1,AP->STA1,16100,968,0.468561
16200,1,AP->STA1,16201,968,0.468784
16300,1,AP->STA1,16300,968,0.468943
16400,1,AP->STA1,16400,968,0.46916
16500,1,AP->STA1,16501,968,0.469315
16600,1,AP->STA1,16600,968,0.469468
16700,1,AP->STA1,16701,968,0.469678
16800,1,AP->STA1,16800,968,0.469826
16900,1,AP->STA1,16900,968,0.470031
17000,1,AP->STA1,17000,968,0.470175
17100,1,AP->STA1,17100,968,0.470318
17200,1,AP->STA1,17200,968,0.470518
17300,1,AP->STA1,17301,968,0.470658
17400,1,AP->STA1,17401,968,0.470853
17500,1,AP->STA1,17500,968,0.470989
17600,1,AP->STA1,17601,968,0.471181
17700,1,AP->STA1,17701,968,0.471314
17800,1,AP->STA1,17800,968,0.471445
17900,1,AP->STA1,17900,968,0.47163
18000,1,AP->STA1,18000,968,0.471758
18100,1,AP->STA1,18100,968,0.47194
18200,1,AP->STA1,18201,968,0.472065
18300,1,AP->STA1,18300,968,0.472188
18400,1,AP->STA1,18400,968,0.472363
18500,1,AP->STA1,18501,968,0.472484
18600,1,AP->STA1,18601,968,0.472657
18700,1,AP->STA1,18700,968,0.472774
18800,1,AP->STA1,18801,968,0.472891
18900,1,AP->STA1,18901,968,0.473059
19000,1,AP->STA1,19000,968,0.473172
19100,1,AP->STA1,19101,968,0.473337
19200,1,AP->STA1,19201,968,0.473449
19300,1,AP->STA1,19301,968,0.47361
19400,1,AP->STA1,19401,968,0.473719
19500,1,AP->STA1,19501,968,0.473826
19600,1,AP->STA1,19601,968,0.473984
19700,1,AP->STA1,19701,968,0.474089
19800,1,AP->STA1,19801,968,0.474242
19900,1,AP->STA1,19901,968,0.474345
20000,1,AP->STA1,20000,968,0.474446
20100,1,AP->STA1,20101,968,0.474595
20200,1,AP->STA1,20200,968,0.474694
20300,1,AP->STA1,20301,968,0.474842
20400,1,AP->STA1,20400,968,0.474939
20500,1,AP->STA1,20501,968,0.475084
20600,1,AP->STA1,20600,968,0.475179
20700,1,AP->STA1,20701,968,0.475273
20800,1,AP->STA1,20800,968,0.475414
20900,1,AP->STA1,20900,968,0.475507
21000,1,AP->STA1,21001,968,0.475645
21100,1,AP->STA1,21101,968,0.475736
21200,1,AP->STA1,21200,968,0.475825
21300,1,AP->STA1,21301,968,0.47596
21400,1,AP->STA1,21400,968,0.476048
21500,1,AP->STA1,21500,968,0.47618
21600,1,AP->STA1,21601,968,0.476267
21700,1,AP->STA1,21700,968,0.476397
21800,1,AP->STA1,21800,968,0.476481
21900,1,AP->STA1,21901,968,0.476564
22000,1,AP->STA1,22000,968,0.47669
22100,1,AP->STA1,22100,968,0.476771
22200,1,AP->STA1,22201,968,0.476897
22300,1,AP->STA1,22301,968,0.476977
22400,1,AP->STA1,22400,968,0.477056
22500,1,AP->STA1,22501,968,0.477179
22600,1,AP->STA1,22600,968,0.477256
22700,1,AP->STA1,22700,968,0.477376
22800,1,AP->STA1,22800,968,0.477452
22900,1,AP->STA1,22901,968,0.477528
23000,1,AP->STA1,23001,968,0.477646
23100,1,AP->STA1,23101,968,0.477719
23200,1,AP->STA1,23201,968,0.477836
23300,1,AP->STA1,23301,968,0.477908
23400,1,AP->STA1,23401,968,0.478022
23500,1,AP->STA1,23501,968,0.478093
23600,1,AP->STA1,23600,968,0.478163
23700,1,AP->STA1,23701,968,0.478275
23800,1,AP->STA1,23800,968,0.478344
23900,1,AP->STA1,23901,968,0.478454
24000,1,AP->STA1,24000,968,0.478521
24100,1,AP->STA1,24100,968,0.478588
24200,1,AP->STA1,24201,968,0.478696
24300,1,AP->STA1,24301,968,0.478762
24400,1,AP->STA1,24400,968,0.478867
24500,1,AP->STA1,24501,968,0.478932
24600,1,AP->STA1,24601,968,0.479036
24700,1,AP->STA1,24700,968,0.479098
24800,1,AP->STA1,24800,968,0.479161
24900,1,AP->STA1,24900,968,0.479263
25000,1,AP->STA1,25000,968,0.479325
25100,1,AP->STA1,25100,968,0.479426
25200,1,AP->STA1,25200,968,0.479486
25300,1,AP->STA1,25300,968,0.479546
25400,1,AP->STA1,25401,968,0.479645
25500,1,AP->STA1,25500,968,0.479704
25600,1,AP->STA1,25601,968,0.479802
25700,1,AP->STA1,25700,968,0.479859
25800,1,AP->STA1,25800,968,0.479955
25900,1,AP->STA1,25901,968,0.480012
26000,1,AP->STA1,26000,968,0.480069
26100,1,AP->STA1,26101,968,0.480163
26200,1,AP->STA1,26200,968,0.480218
26300,1,AP->STA1,26300,968,0.480311
26400,1,AP->STA1,26400,968,0.480366
26500,1,AP->STA1,26500,968,0.48042
26600,1,AP->STA1,26600,968,0.480511
26700,1,AP->STA1,26701,968,0.480564
26800,1,AP->STA1,26801,968,0.480654
26900,1,AP->STA1,26900,968,0.480706
27000,1,AP->STA1,27001,968,0.480758
27100,1,AP->STA1,27101,968,0.480846
27200,1,AP->STA1,27200,968,0.480896
27300,1,AP->STA1,27301,968,0.480984
27400,1,AP->STA1,27401,968,0.481034
27500,1,AP->STA1,27500,968,0.481119
27600,1,AP->STA1,27600,968,0.481167
27700,1,AP->STA1,27701,968,0.481216
27800,1,AP->STA1,27801,968,0.4813
27900,1,AP->STA1,27901,968,0.481348
28000,1,AP->STA1,28001,968,0.481432
28100,1,AP->STA1,28101,968,0.481479
28200,1,AP->STA1,28200,968,0.481525
28300,1,AP->STA1,28300,968,0.481607
28400,1,AP->STA1,28401,968,0.481653
28500,1,AP->STA1,28500,968,0.481734
28600,1,AP->STA1,28601,968,0.481779
28700,1,AP->STA1,28701,968,0.481859
28800,1,AP->STA1,28801,968,0.481903
28900,1,AP->STA1,28901,968,0.481948
29000,1,AP->STA1,29000,968,0.482026
29100,1,AP->STA1,29101,968,0.482069
29200,1,AP->STA1,29200,968,0.482146
29300,1,AP->STA1,29300,968,0.482189
29400,1,AP->STA1,29400,968,0.482232
29500,1,AP->STA1,29501,968,0.482308
29600,1,AP->STA1,29600,968,0.482349
29700,1,AP->STA1,29701,968,0.482425
29800,1,AP->STA1,29801,968,0.482466
29900,1,AP->STA1,29900,968,0.48254
30000,1,AP->STA1,30001,968,0.482581
30100,1,AP->STA1,30100,968,0.48262
30200,1,AP->STA1,30200,968,0.482693
30300,1,AP->STA1,30301,968,0.482733
30400,1,AP->STA1,30400,968,0.482805
30500,1,AP->STA1,30500,968,0.482844
30600,1,AP->STA1,30600,968,0.482883
30700,1,AP->STA1,30701,968,0.482954
30800,1,AP->STA1,30800,968,0.482991
30900,1,AP->STA1,30901,968,0.483062
31000,1,AP->STA1,31001,968,0.483099
31100,1,AP->STA1,31101,968,0.483137
31200,1,AP->STA1,31201,968,0.483206
31300,1,AP->STA1,31300,968,0.483242
31400,1,AP->STA1,31401,968,0.48331
31500,1,AP->STA1,31501,968,0.483346
31600,1,AP->STA1,31600,968,0.483413
31700,1,AP->STA1,31700,968,0.483449
31800,1,AP->STA1,31800,968,0.483484
31900,1,AP->STA1,31900,968,0.483551
32000,1,AP->STA1,32000,968,0.483586
32100,1,AP->STA1,32100,968,0.483651
32200,1,AP->STA1,32200,968,0.483685
32300,1,AP->STA1,32300,968,0.483719
32400,1,AP->STA1,32401,968,0.483784
32500,1,AP->STA1,32501,968,0.483818
32600,1,AP->STA1,32600,968,0.483881
32700,1,AP->STA1,32701,968,0.483915
32800,1,AP->STA1,32800,968,0.483978
32900,1,AP->STA1,32901,968,0.48401
33000,1,AP->STA1,33001,968,0.484043
33100,1,AP->STA1,33101,968,0.484105
33200,1,AP->STA1,33201,968,0.484137
33300,1,AP->STA1,33301,968,0.484198
33400,1,AP->STA1,33401,968,0.48423
33500,1,AP->STA1,33500,968,0.484261
33600,1,AP->STA1,33600,968,0.484322
33700,1,AP->STA1,33700,968,0.484352
33800,1,AP->STA1,33800,968,0.484412
33900,1,AP->STA1,33900,968,0.484442
34000,1,AP->STA1,34000,968,0.484502
34100,1,AP->STA1,34100,968,0.484532
34200,1,AP->STA1,34200,968,0.484561
34300,1,AP->STA1,34300,968,0.48462
34400,1,AP->STA1,34400,968,0.484649
34500,1,AP->STA1,34500,968,0.484707
34600,1,AP->STA1,34600,968,0.484736
34700,1,AP->STA1,34701,968,0.484765
34800,1,AP->STA1,34800,968,0.484822
34900,1,AP->STA1,34901,968,0.48485
35000,1,AP->STA1,35001,968,0.484907
35100,1,AP->STA1,35101,968,0.484935
35200,1,AP->STA1,35201,968,0.48499
35300,1,AP->STA1,35300,968,0.485017
35400,1,AP->STA1,35400,968,0.485044
35500,1,AP->STA1,35501,968,0.4851
35600,1,AP->STA1,35600,968,0.485126
35700,1,AP->STA1,35701,968,0.485181
35800,1,AP->STA1,35800,968,0.485207
35900,1,AP->STA1,35901,968,0.485234
36000,1,AP->STA1,36000,968,0.485287
36100,1,AP->STA1,36100,968,0.485313
36200,1,AP->STA1,36201,968,0.485367
36300,1,AP->STA1,36301,968,0.485393
36400,1,AP->STA1,36400,968,0.485418
36500,1,AP->STA1,36501,968,0.485471
36600,1,AP->STA1,36601,968,0.485496
36700,1,AP->STA1,36700,968,0.485548
36800,1,AP->STA1,36800,968,0.485573
36900,1,AP->STA1,36901,968,0.485625
37000,1,AP->STA1,37001,968,0.485649
37100,1,AP->STA1,37101,968,0.485673
37200,1,AP->STA1,37200,968,0.485724
37300,1,AP->STA1,37300,968,0.485748
37400,1,AP->STA1,37400,968,0.485799
37500,1,AP->STA1,37500,968,0.485822
37600,1,AP->STA1,37600,968,0.485845
37700,1,AP->STA1,37701,968,0.485895
37800,1,AP->STA1,37801,968,0.485918
37900,1,AP->STA1,37901,968,0.485968
38000,1,AP->STA1,38000,968,0.48599
38100,1,AP->STA1,38100,968,0.486039
38200,1,AP->STA1,38201,968,0.486062
38300,1,AP->STA1,38300,968,0.486084
38400,1,AP->STA1,38400,968,0.486133
38500,1,AP->STA1,38501,968,0.486155
38600,1,AP->STA1,38600,968,0.486203
38700,1,AP->STA1,38700,968,0.486225
38800,1,AP->STA1,38801,968,0.486247
38900,1,AP->STA1,38900,968,0.486294
39000,1,AP->STA1,39001,968,0.486316
39100,1,AP->STA1,39101,968,0.486363
39200,1,AP->STA1,39201,968,0.486384
39300,1,AP->STA1,39301,968,0.48643
39400,1,AP->STA1,39400,968,0.486451
39500,1,AP->STA1,39501,968,0.486472
39600,1,AP->STA1,39600,968,0.486517
39700,1,AP->STA1,39700,968,0.486538
39800,1,AP->STA1,39800,968,0.486584
39900,1,AP->STA1,39900,968,0.486604
40000,1,AP->STA1,40000,968,0.486624
40100,1,AP->STA1,40100,968,0.486669
40200,1,AP->STA1,40200,968,0.486689
40300,1,AP->STA1,40300,968,0.486734
40400,1,AP->STA1,40401,968,0.486754
40500,1,AP->STA1,40501,968,0.486773
40600,1,AP->STA1,40600,968,0.486817
40700,1,AP->STA1,40701,968,0.486836
40800,1,AP->STA1,40800,968,0.48688
40900,1,AP->STA1,40900,968,0.486899
41000,1,AP->STA1,41001,968,0.486942
41100,1,AP->STA1,41100,968,0.486961
41200,1,AP->STA1,41200,968,0.48698
41300,1,AP->STA1,41301,968,0.487023
41400,1,AP->STA1,41400,968,0.487041
41500,1,AP->STA1,41501,968,0.487084
41600,1,AP->STA1,41601,968,0.487102
41700,1,AP->STA1,41700,968,0.48712
41800,1,AP->STA1,41801,968,0.487162
41900,1,AP->STA1,41901,968,0.48718
42000,1,AP->STA1,42000,968,0.487221
42100,1,AP->STA1,42100,968,0.487239
42200,1,AP->STA1,42200,968,0.48728
42300,1,AP->STA1,42300,968,0.487298
42400,1,AP->STA1,42400,968,0.487315
42500,1,AP->STA1,42501,968,0.487356
42600,1,AP->STA1,42601,968,0.487373
42700,1,AP->STA1,42701,968,0.487414
42800,1,AP->STA1,42801,968,0.487431
42900,1,AP->STA1,42901,968,0.487448
43000,1,AP->STA1,43000,968,0.487487
43100,1,AP->STA1,43100,968,0.487504
43200,1,AP->STA1,43201,968,0.487544
43300,1,AP->STA1,43300,968,0.48756
43400,1,AP->STA1,43401,968,0.4876
43500,1,AP->STA1,43500,968,0.487616
43600,1,AP->STA1,43600,968,0.487632
43700,1,AP->STA1,43701,968,0.487671
43800,1,AP->STA1,43801,968,0.487687
43900,1,AP->STA1,43901,968,0.487726
44000,1,AP->STA1,44001,968,0.487742
44100,1,AP->STA1,44100,968,0.487757
44200,1,AP->STA1,44201,968,0.487796
44300,1,AP->STA1,44301,968,0.487811
44400,1,AP->STA1,44400,968,0.487849
44500,1,AP->STA1,44500,968,0.487864
44600,1,AP->STA1,44600,968,0.487902
44700,1,AP->STA1,44701,968,0.487917
44800,1,AP->STA1,44801,968,0.487933
44900,1,AP->STA1,44900,968,0.487969
45000,1,AP->STA1,45001,968,0.487985
45100,1,AP->STA1,45100,968,0.488021
45200,1,AP->STA1,45200,968,0.488036
45300,1,AP->STA1,45301,968,0.488051
45400,1,AP->STA1,45401,968,0.488088
45500,1,AP->STA1,45501,968,0.488102
45600,1,AP->STA1,45600,968,0.488138
45700,1,AP->STA1,45700,968,0.488152
45800,1,AP->STA1,45801,968,0.488167
45900,1,AP->STA1,45902,968,0.488203
46000,1,AP->STA1,46001,968,0.488217
46100,1,AP->STA1,46100,968,0.488252
46200,1,AP->STA1,46201,968,0.488266
46300,1,AP->STA1,46301,968,0.488302
46400,1,AP->STA1,46400,968,0.488315
46500,1,AP->STA1,46501,968,0.488329
46600,1,AP->STA1,46601,968,0.488364
46700,1,AP->STA1,46701,968,0.488378
46800,1,AP->STA1,46799,968,0.488412
46900,1,AP->STA1,46900,968,0.488426
47000,1,AP->STA1,47000,968,0.488439
47100,1,AP->STA1,47101,968,0.488474
47200,1,AP->STA1,47201,968,0.488487
47300,1,AP->STA1,47300,968,0.48852
47400,1,AP->STA1,47401,968,0.488534
47500,1,AP->STA1,47500,968,0.488567
47600,1,AP->STA1,47601,968,0.488581
47700,1,AP->STA1,47701,968,0.488593
47800,1,AP->STA1,47799,968,0.488626
47900,1,AP->STA1,47900,968,0.488639
48000,1,AP->STA1,48001,968,0.488673
48100,1,AP->STA1,48101,968,0.488685
48200,1,AP->STA1,48200,968,0.488698
48300,1,AP->STA1,48300,968,0.488731
48400,1,AP->STA1,48401,968,0.488743
48500,1,AP->STA1,48499,968,0.488775
48600,1,AP->STA1,48601,968,0.488788
48700,1,AP->STA1,48700,968,0.48882
48800,1,AP->STA1,48800,968,0.488832
48900,1,AP->STA1,48900,968,0.488844
49000,1,AP->STA1,49001,968,0.488877
49100,1,AP->STA1,49100,968,0.488888
49200,1,AP->STA1,49201,968,0.488921
49300,1,AP->STA1,49300,968,0.488932
49400,1,AP->STA1,49400,968,0.488944
49500,1,AP->STA1,49501,968,0.488975
49600,1,AP->STA1,49601,968,0.488987
49700,1,AP->STA1,49700,968,0.489018
49800,1,AP->STA1,49801,968,0.48903
49900,1,AP->STA1,49901,968,0.489041
50000,1,AP->STA1,50000,968,0.489072
50100,1,AP->STA1,50101,968,0.489084
50200,1,AP->STA1,50201,968,0.489115
50300,1,AP->STA1,50300,968,0.489125
50400,1,AP->STA1,50401,968,0.489157
50500,1,AP->STA1,50500,968,0.489167
50600,1,AP->STA1,50600,968,0.489178
50700,1,AP->STA1,50700,968,0.489209
50800,1,AP->STA1,50801,968,0.48922
50900,1,AP->STA1,50901,968,0.48925
51000,1,AP->STA1,51000,968,0.48926
51100,1,AP->STA1,51102,968,0.489271
51200,1,AP->STA1,51201,968,0.489301
51300,1,AP->STA1,51301,968,0.489312
51400,1,AP->STA1,51401,968,0.489342
51500,1,AP->STA1,51502,968,0.489352
51600,1,AP->STA1,51600,968,0.489381
51700,1,AP->STA1,51701,968,0.489392
51800,1,AP->STA1,51801,968,0.489402
51900,1,AP->STA1,51900,968,0.489431
52000,1,AP->STA1,52000,968,0.489441
52100,1,AP->STA1,52100,968,0.48947
52200,1,AP->STA1,52201,968,0.489481
52300,1,AP->STA1,52302,968,0.489491
52400,1,AP->STA1,52400,968,0.489519
52500,1,AP->STA1,52499,968,0.489529
52600,1,AP->STA1,52602,968,0.489558
52700,1,AP->STA1,52701,968,0.489568
52800,1,AP->STA1,52802,968,0.489596
52900,1,AP->STA1,52899,968,0.489605
53000,1,AP->STA1,53000,968,0.489615
53100,1,AP->STA1,53102,968,0.489644
53200,1,AP->STA1,53200,968,0.489653
53300,1,AP->STA1,53300,968,0.489681
53400,1,AP->STA1,53399,968,0.48969
53500,1,AP->STA1,53499,968,0.4897
53600,1,AP->STA1,53600,968,0.489728
53700,1,AP->STA1,53700,968,0.489737
53800,1,AP->STA1,53802,968,0.489765
53900,1,AP->STA1,53900,968,0.489774
54000,1,AP->STA1,53999,968,0.489783
54100,1,AP->STA1,54101,968,0.489811
54200,1,AP->STA1,54201,968,0.489819
54300,1,AP->STA1,54301,968,0.489847
54400,1,AP->STA1,54402,968,0.489855
54500,1,AP->STA1,54499,968,0.489882
54600,1,AP->STA1,54601,968,0.489891
54700,1,AP->STA1,54699,968,0.489899
54800,1,AP->STA1,54801,968,0.489927
54900,1,AP->STA1,54900,968,0.489935
55000,1,AP->STA1,55000,968,0.489961
55100,1,AP->STA1,55100,968,0.48997
55200,1,AP->STA1,55200,968,0.489979
55300,1,AP->STA1,55301,968,0.490005
55400,1,AP->STA1,55399,968,0.490013
55500,1,AP->STA1,55501,968,0.49004
55600,1,AP->STA1,55599,968,0.490048
55700,1,AP->STA1,55701,968,0.490075
55800,1,AP->STA1,55801,968,0.490083
55900,1,AP->STA1,55901,968,0.490091
56000,1,AP->STA1,56001,968,0.490117
56100,1,AP->STA1,56101,968,0.490125
56200,1,AP->STA1,56199,968,0.490151
56300,1,AP->STA1,56300,968,0.490159
56400,1,AP->STA1,56402,968,0.490167
56500,1,AP->STA1,56501,968,0.490193
56600,1,AP->STA1,56600,968,0.4902
56700,1,AP->STA1,56699,968,0.490226
56800,1,AP->STA1,56799,968,0.490234
56900,1,AP->STA1,56900,968,0.490259
57000,1,AP->STA1,57000,968,0.490267
57100,1,AP->STA1,57101,968,0.490275
57200,1,AP->STA1,57199,968,0.490299
57300,1,AP->STA1,57301,968,0.490308
57400,1,AP->STA1,57399,968,0.490332
57500,1,AP->STA1,57502,968,0.49034
57600,1,AP->STA1,57601,968,0.490348
57700,1,AP->STA1,57701,968,0.490372
57800,1,AP->STA1,57801,968,0.49038
57900,1,AP->STA1,57901,968,0.490405
58000,1,AP->STA1,58002,968,0.490412
58100,1,AP->STA1,58100,968,0.490436
58200,1,AP->STA1,58201,968,0.490444
58300,1,AP->STA1,58299,968,0.490451
58400,1,AP->STA1,58401,968,0.490475
58500,1,AP->STA1,58501,968,0.490482
58600,1,AP->STA1,58600,968,0.490506
58700,1,AP->STA1,58700,968,0.490513
58800,1,AP->STA1,58800,968,0.490521
58900,1,AP->STA1,58900,968,0.490545
59000,1,AP->STA1,59001,968,0.490551
59100,1,AP->STA1,59102,968,0.490575
59200,1,AP->STA1,59200,968,0.490582
59300,1,AP->STA1,59302,968,0.490589
59400,1,AP->STA1,59401,968,0.490612
59500,1,AP->STA1,59500,968,0.490619
59600,1,AP->STA1,59599,968,0.490642
59700,1,AP->STA1,59702,968,0.49065
59800,1,AP->STA1,59802,968,0.490673
59900,1,AP->STA1,59902,968,0.49068
60000,1,AP->STA1,59999,968,0.490686
60100,1,AP->STA1,60100,968,0.490709
60200,1,AP->STA1,60202,968,0.490716
60300,1,AP->STA1,60300,968,0.490739
60400,1,AP->STA1,60402,968,0.490746
60500,1,AP->STA1,60500,968,0.490752
60600,1,AP->STA1,60599,968,0.490775
60700,1,AP->STA1,60702,968,0.490782
60800,1,AP->STA1,60802,968,0.490805
60900,1,AP->STA1,60902,968,0.490811
61000,1,AP->STA1,61002,968,0.490834
61100,1,AP->STA1,61099,968,0.490839
61200,1,AP->STA1,61200,968,0.490846
61300,1,AP->STA1,61301,968,0.490869
61400,1,AP->STA1,61399,968,0.490874
61500,1,AP->STA1,61501,968,0.490897
61600,1,AP->STA1,61600,968,0.490903
61700,1,AP->STA1,61702,968,0.49091
61800,1,AP->STA1,61801,968,0.490932
61900,1,AP->STA1,61901,968,0.490938
62000,1,AP->STA1,62001,968,0.49096
62100,1,AP->STA1,62101,968,0.490966
62200,1,AP->STA1,62201,968,0.490972
62300,1,AP->STA1,62302,968,0.490994
62400,1,AP->STA1,62399,968,0.490999
62500,1,AP->STA1,62500,968,0.491021
62600,1,AP->STA1,62602,968,0.491028
62700,1,AP->STA1,62700,968,0.491049
62800,1,AP->STA1,62799,968,0.491054
62900,1,AP->STA1,62901,968,0.491061
63000,1,AP->STA1,63001,968,0.491082
63100,1,AP->STA1,63100,968,0.491088
63200,1,AP->STA1,63200,968,0.491109
63300,1,AP->STA1,63300,968,0.491115
63400,1,AP->STA1,63400,968,0.49112
63500,1,AP->STA1,63501,968,0.491142
63600,1,AP->STA1,63602,968,0.491148
63700,1,AP->STA1,63699,968,0.491168
63800,1,AP->STA1,63800,968,0.491174
63900,1,AP->STA1,63902,968,0.491195
64000,1,AP->STA1,64000,968,0.491201
64100,1,AP->STA1,64099,968,0.491206
64200,1,AP->STA1,64202,968,0.491227
64300,1,AP->STA1,64301,968,0.491232
64400,1,AP->STA1,64400,968,0.491253
64500,1,AP->STA1,64500,968,0.491258
64600,1,AP->STA1,64600,968,0.491264
64700,1,AP->STA1,64700,968,0.491284
64800,1,AP->STA1,64801,968,0.49129
64900,1,AP->STA1,64902,968,0.49131
65000,1,AP->STA1,64999,968,0.491315
65100,1,AP->STA1,65100,968,0.491336
65200,1,AP->STA1,65202,968,0.491341
65300,1,AP->STA1,65300,968,0.491346
65400,1,AP->STA1,65398,968,0.491366
65500,1,AP->STA1,65501,968,0.491372
65600,1,AP->STA1,65600,968,0.491392
65700,1,AP->STA1,65699,968,0.491396
65800,1,AP->STA1,65799,968,0.491401
65900,1,AP->STA1,65898,968,0.491421
66000,1,AP->STA1,65998,968,0.491426
66100,1,AP->STA1,66099,968,0.491446
66200,1,AP->STA1,66199,968,0.491451
66300,1,AP->STA1,66300,968,0.491471
66400,1,AP->STA1,66402,968,0.491477
66500,1,AP->STA1,66499,968,0.491481
66600,1,AP->STA1,66601,968,0.491501
66700,1,AP->STA1,66698,968,0.491505
66800,1,AP->STA1,66801,968,0.491525
66900,1,AP->STA1,66899,968,0.49153
67000,1,AP->STA1,67002,968,0.491535
67100,1,AP->STA1,67101,968,0.491554
67200,1,AP->STA1,67200,968,0.491559
67300,1,AP->STA1,67300,968,0.491578
67400,1,AP->STA1,67400,968,0.491583
67500,1,AP->STA1,67500,968,0.491587
67600,1,AP->STA1,67600,968,0.491607
67700,1,AP->STA1,67701,968,0.491611
67800,1,AP->STA1,67802,968,0.491631
67900,1,AP->STA1,67898,968,0.491635
68000,1,AP->STA1,68000,968,0.491654
68100,1,AP->STA1,68102,968,0.491659
68200,1,AP->STA1,68199,968,0.491663
68300,1,AP->STA1,68302,968,0.491682
68400,1,AP->STA1,68400,968,0.491686
68500,1,AP->STA1,68498,968,0.491705
68600,1,AP->STA1,68602,968,0.49171
68700,1,AP->STA1,68701,968,0.491714
68800,1,AP->STA1,68800,968,0.491733
68900,1,AP->STA1,68899,968,0.491737
69000,1,AP->STA1,68999,968,0.491756
69100,1,AP->STA1,69099,968,0.49176
69200,1,AP->STA1,69200,968,0.491779
69300,1,AP->STA1,69301,968,0.491783
69400,1,AP->STA1,69402,968,0.491787
69500,1,AP->STA1,69503,968,0.491806
69600,1,AP->STA1,69600,968,0.49181
69700,1,AP->STA1,69701,968,0.491828
69800,1,AP->STA1,69799,968,0.491832
69900,1,AP->STA1,69901,968,0.491836
70000,1,AP->STA1,69999,968,0.491854
70100,1,AP->STA1,70102,968,0.491859
70200,1,AP->STA1,70201,968,0.491877
70300,1,AP->STA1,70299,968,0.491881
70400,1,AP->STA1,70398,968,0.491899
70500,1,AP->STA1,70502,968,0.491903
70600,1,AP->STA1,70602,968,0.491907
70700,1,AP->STA1,70702,968,0.491925
70800,1,AP->STA1,70802,968,0.491929
70900,1,AP->STA1,70902,968,0.491947
71000,1,AP->STA1,70998,968,0.49195
71100,1,AP->STA1,71099,968,0.491954
71200,1,AP->STA1,71200,968,0.491972
71300,1,AP->STA1,71302,968,0.491976
71400,1,AP->STA1,71398,968,0.491993
71500,1,AP->STA1,71501,968,0.491998
71600,1,AP->STA1,71603,968,0.492002
71700,1,AP->STA1,71701,968,0.492019
71800,1,AP->STA1,71798,968,0.492022
71900,1,AP->STA1,71902,968,0.49204
72000,1,AP->STA1,72000,968,0.492044
72100,1,AP->STA1,72099,968,0.492061
72200,1,AP->STA1,72203,968,0.492065
72300,1,AP->STA1,72302,968,0.492069
72400,1,AP->STA1,72401,968,0.492086
72500,1,AP->STA1,72501,968,0.49209
72600,1,AP->STA1,72601,968,0.492107
72700,1,AP->STA1,72701,968,0.49211
72800,1,AP->STA1,72802,968,0.492114
72900,1,AP->STA1,72903,968,0.492131
73000,1,AP->STA1,72999,968,0.492134
73100,1,AP->STA1,73100,968,0.492152
73200,1,AP->STA1,73202,968,0.492155
73300,1,AP->STA1,73298,968,0.492172
73400,1,AP->STA1,73400,968,0.492176
73500,1,AP->STA1,73503,968,0.492179
73600,1,AP->STA1,73600,968,0.492196
73700,1,AP->STA1,73698,968,0.492199
73800,1,AP->STA1,73801,968,0.492216
73900,1,AP->STA1,73899,968,0.492219
74000,1,AP->STA1,73998,968,0.492222
74100,1,AP->STA1,74102,968,0.49224
74200,1,AP->STA1,74201,968,0.492243
74300,1,AP->STA1,74300,968,0.492259
74400,1,AP->STA1,74400,968,0.492263
74500,1,AP->STA1,74499,968,0.492279
74600,1,AP->STA1,74600,968,0.492282
74700,1,AP->STA1,74700,968,0.492286
74800,1,AP->STA1,74800,968,0.492302
74900,1,AP->STA1,74901,968,0.492306
75000,1,AP->STA1,75002,968,0.492322
75100,1,AP->STA1,75098,968,0.492325
75200,1,AP->STA1,75200,968,0.492328
75300,1,AP->STA1,75302,968,0.492345
75400,1,AP->STA1,75398,968,0.492347
75500,1,AP->STA1,75501,968,0.492364
75600,1,AP->STA1,75598,968,0.492367
75700,1,AP->STA1,75701,968,0.49237
75800,1,AP->STA1,75798,968,0.492386
75900,1,AP->STA1,75902,968,0.492389
76000,1,AP->STA1,76000,968,0.492405
76100,1,AP->STA1,76098,968,0.492408
76200,1,AP->STA1,76203,968,0.492425
76300,1,AP->STA1,76301,968,0.492428
76400,1,AP->STA1,76401,968,0.49243
76500,1,AP->STA1,76500,968,0.492446
76600,1,AP->STA1,76600,968,0.492449
76700,1,AP->STA1,76699,968,0.492465
76800,1,AP->STA1,76800,968,0.492468
76900,1,AP->STA1,76900,968,0.492471
77000,1,AP->STA1,77001,968,0.492487
77100,1,AP->STA1,77102,968,0.49249
77200,1,AP->STA1,77203,968,0.492506
77300,1,AP->STA1,77298,968,0.492508
77400,1,AP->STA1,77400,968,0.492524
77500,1,AP->STA1,77502,968,0.492527
77600,1,AP->STA1,77598,968,0.492529
77700,1,AP->STA1,77701,968,0.492545
77800,1,AP->STA1,77803,968,0.492548
77900,1,AP->STA1,77900,968,0.492563
78000,1,AP->STA1,77998,968,0.492565
78100,1,AP->STA1,78101,968,0.492569
78200,1,AP->STA1,78199,968,0.492584
78300,1,AP->STA1,78303,968,0.492587
78400,1,AP->STA1,78401,968,0.492602
78500,1,AP->STA1,78500,968,0.492605
78600,1,AP->STA1,78598,968,0.49262
78700,1,AP->STA1,78703,968,0.492623
78800,1,AP->STA1,78803,968,0.492626
78900,1,AP->STA1,78902,968,0.492641
79000,1,AP->STA1,79002,968,0.492643
79100,1,AP->STA1,79102,968,0.492659
79200,1,AP->STA1,79202,968,0.492661
79300,1,AP->STA1,79303,968,0.492664
79400,1,AP->STA1,79403,968,0.492679
79500,1,AP->STA1,79498,968,0.492681
79600,1,AP->STA1,79599,968,0.492696
79700,1,AP->STA1,79701,968,0.492699
79800,1,AP->STA1,79803,968,0.492701
79900,1,AP->STA1,79898,968,0.492716
80000,1,AP->STA1,80000,968,0.492718
80100,1,AP->STA1,80103,968,0.492734
80200,1,AP->STA1,80199,968,0.492736
80300,1,AP->STA1,80302,968,0.492751
80400,1,AP->STA1,80399,968,0.492753
80500,1,AP->STA1,80503,968,0.492756
80600,1,AP->STA1,80600,968,0.49277
80700,1,AP->STA1,80698,968,0.492772
80800,1,AP->STA1,80802,968,0.492787
80900,1,AP->STA1,80900,968,0.492789
81000,1,AP->STA1,80998,968,0.492792
81100,1,AP->STA1,81104,968,0.492807
81200,1,AP->STA1,81202,968,0.492809
81300,1,AP->STA1,81301,968,0.492823
81400,1,AP->STA1,81401,968,0.492826
81500,1,AP->STA1,81500,968,0.49284
81600,1,AP->STA1,81600,968,0.492842
81700,1,AP->STA1,81700,968,0.492844
81800,1,AP->STA1,81800,968,0.492859
81900,1,AP->STA1,81901,968,0.492861
82000,1,AP->STA1,82001,968,0.492876
82100,1,AP->STA1,82102,968,0.492878
82200,1,AP->STA1,82204,968,0.49288
82300,1,AP->STA1,82298,968,0.492894
82400,1,AP->STA1,82400,968,0.492896
82500,1,AP->STA1,82502,968,0.492911
82600,1,AP->STA1,82597,968,0.492912
82700,1,AP->STA1,82700,968,0.492927
82800,1,AP->STA1,82803,968,0.492929
82900,1,AP->STA1,82899,968,0.492931
83000,1,AP->STA1,83002,968,0.492946
83100,1,AP->STA1,83098,968,0.492947
83200,1,AP->STA1,83202,968,0.492962
83300,1,AP->STA1,83299,968,0.492963
83400,1,AP->STA1,83403,968,0.492966
83500,1,AP->STA1,83501,968,0.49298
83600,1,AP->STA1,83599,968,0.492981
83700,1,AP->STA1,83704,968,0.492996
83800,1,AP->STA1,83802,968,0.492998
83900,1,AP->STA1,83900,968,0.493011
84000,1,AP->STA1,83999,968,0.493013
84100,1,AP->STA1,84098,968,0.493015
84200,1,AP->STA1,84204,968,0.49303
84300,1,AP->STA1,84303,968,0.493032
84400,1,AP->STA1,84403,968,0.493045
84500,1,AP->STA1,84503,968,0.493047
84600,1,AP->STA1,84603,968,0.493049
84700,1,AP->STA1,84703,968,0.493063
84800,1,AP->STA1,84804,968,0.493065
84900,1,AP->STA1,84897,968,0.493078
85000,1,AP->STA1,84998,968,0.49308
85100,1,AP->STA1,85100,968,0.493082
85200,1,AP->STA1,85201,968,0.493095
85300,1,AP->STA1,85303,968,0.493098
85400,1,AP->STA1,85398,968,0.49311
85500,1,AP->STA1,85500,968,0.493113
85600,1,AP->STA1,85602,968,0.493126
85700,1,AP->STA1,85698,968,0.493127
85800,1,AP->STA1,85801,968,0.49313
85900,1,AP->STA1,85904,968,0.493144
86000,1,AP->STA1,86000,968,0.493145
86100,1,AP->STA1,86103,968,0.493159
86200,1,AP->STA1,86200,968,0.49316
86300,1,AP->STA1,86304,968,0.493162
86400,1,AP->STA1,86401,968,0.493175
86500,1,AP->STA1,86498,968,0.493176
86600,1,AP->STA1,86603,968,0.49319
86700,1,AP->STA1,86701,968,0.493192
86800,1,AP->STA1,86799,968,0.493205
86900,1,AP->STA1,86904,968,0.493207
87000,1,AP->STA1,87002,968,0.493209
87100,1,AP->STA1,87101,968,0.493222
87200,1,AP->STA1,87200,968,0.493223
87300,1,AP->STA1,87299,968,0.493236
87400,1,AP->STA1,87398,968,0.493238
87500,1,AP->STA1,87497,968,0.493239
87600,1,AP->STA1,87597,968,0.493252
87700,1,AP->STA1,87697,968,0.493254
87800,1,AP->STA1,87797,968,0.493267
87900,1,AP->STA1,87897,968,0.493268
88000,1,AP->STA1,87998,968,0.493281
88100,1,AP->STA1,88098,968,0.493283
88200,1,AP->STA1,88199,968,0.493285
88300,1,AP->STA1,88301,968,0.493298
88400,1,AP->STA1,88402,968,0.493299
88500,1,AP->STA1,88504,968,0.493313
88600,1,AP->STA1,88598,968,0.493313
88700,1,AP->STA1,88700,968,0.493315
88800,1,AP->STA1,88803,968,0.493328
88900,1,AP->STA1,88897,968,0.493329
89000,1,AP->STA1,89000,968,0.493342
89100,1,AP->STA1,89103,968,0.493344
89200,1,AP->STA1,89199,968,0.493356
89300,1,AP->STA1,89302,968,0.493358
89400,1,AP->STA1,89398,968,0.493359
89500,1,AP->STA1,89502,968,0.493372
89600,1,AP->STA1,89598,968,0.493373
89700,1,AP->STA1,89703,968,0.493386
89800,1,AP->STA1,89799,968,0.493387
89900,1,AP->STA1,89904,968,0.493389
90000,1,AP->STA1,90001,968,0.493401
90100,1,AP->STA1,90099,968,0.493402
90200,1,AP->STA1,90204,968,0.493416
90300,1,AP->STA1,90302,968,0.493417
90400,1,AP->STA1,90400,968,0.493418
90500,1,AP->STA1,90498,968,0.49343
90600,1,AP->STA1,90597,968,0.493431
90700,1,AP->STA1,90703,968,0.493444
90800,1,AP->STA1,90802,968,0.493446
90900,1,AP->STA1,90901,968,0.493458
91000,1,AP->STA1,91001,968,0.493459
91100,1,AP->STA1,91100,968,0.49346
91200,1,AP->STA1,91200,968,0.493473
91300,1,AP->STA1,91300,968,0.493474
91400,1,AP->STA1,91400,968,0.493486
91500,1,AP->STA1,91500,968,0.493488
91600,1,AP->STA1,91601,968,0.493489
91700,1,AP->STA1,91702,968,0.493501
91800,1,AP->STA1,91803,968,0.493503
91900,1,AP->STA1,91904,968,0.493515
92000,1,AP->STA1,91997,968,0.493515
92100,1,AP->STA1,92098,968,0.493528
92200,1,AP->STA1,92200,968,0.493529
92300,1,AP->STA1,92303,968,0.493531
92400,1,AP->STA1,92396,968,0.493542
92500,1,AP->STA1,92499,968,0.493543
92600,1,AP->STA1,92602,968,0.493556
92700,1,AP->STA1,92705,968,0.493557
92800,1,AP->STA1,92799,968,0.493558
92900,1,AP->STA1,92903,968,0.49357
93000,1,AP->STA1,92998,968,0.493571
93100,1,AP->STA1,93102,968,0.493583
93200,1,AP->STA1,93197,968,0.493584
93300,1,AP->STA1,93301,968,0.493585
93400,1,AP->STA1,93397,968,0.493597
93500,1,AP->STA1,93502,968,0.493599
93600,1,AP->STA1,93598,968,0.49361
93700,1,AP->STA1,93704,968,0.493612
93800,1,AP->STA1,93800,968,0.493623
93900,1,AP->STA1,93897,968,0.493624
94000,1,AP->STA1,94003,968,0.493626
94100,1,AP->STA1,94100,968,0.493637
94200,1,AP->STA1,94198,968,0.493638
94300,1,AP->STA1,94305,968,0.49365
94400,1,AP->STA1,94402,968,0.493651
94500,1,AP->STA1,94501,968,0.493652
94600,1,AP->STA1,94599,968,0.493663
94700,1,AP->STA1,94697,968,0.493664
94800,1,AP->STA1,94796,968,0.493676
94900,1,AP->STA1,94904,968,0.493678
95000,1,AP->STA1,95003,968,0.493689
95100,1,AP->STA1,95103,968,0.49369
95200,1,AP->STA1,95202,968,0.493691
95300,1,AP->STA1,95302,968,0.493703
95400,1,AP->STA1,95402,968,0.493704
95500,1,AP->STA1,95502,968,0.493715
95600,1,AP->STA1,95603,968,0.493716
95700,1,AP->STA1,95703,968,0.493717
95800,1,AP->STA1,95804,968,0.493729
95900,1,AP->STA1,95896,968,0.493729
96000,1,AP->STA1,95997,968,0.49374
96100,1,AP->STA1,96099,968,0.493741
96200,1,AP->STA1,96201,968,0.493753
96300,1,AP->STA1,96303,968,0.493754
96400,1,AP->STA1,96405,968,0.493755
96500,1,AP->STA1,96498,968,0.493766
96600,1,AP->STA1,96600,968,0.493767
96700,1,AP->STA1,96703,968,0.493779
96800,1,AP->STA1,96797,968,0.493779
96900,1,AP->STA1,96900,968,0.49378
97000,1,AP->STA1,97003,968,0.493792
97100,1,AP->STA1,97097,968,0.493792
97200,1,AP->STA1,97201,968,0.493804
97300,1,AP->STA1,97305,968,0.493805
97400,1,AP->STA1,97400,968,0.493815
97500,1,AP->STA1,97504,968,0.493817
97600,1,AP->STA1,97600,968,0.493817
97700,1,AP->STA1,97704,968,0.493829
97800,1,AP->STA1,97800,968,0.493829
97900,1,AP->STA1,97896,968,0.49384
98000,1,AP->STA1,98001,968,0.493841
98100,1,AP->STA1,98097,968,0.493842
98200,1,AP->STA1,98203,968,0.493853
98300,1,AP->STA1,98300,968,0.493854
98400,1,AP->STA1,98397,968,0.493864
98500,1,AP->STA1,98503,968,0.493866
98600,1,AP->STA1,98600,968,0.493866
98700,1,AP->STA1,98698,968,0.493877
98800,1,AP->STA1,98805,968,0.493879
98900,1,AP->STA1,98903,968,0.493889
99000,1,AP->STA1,99001,968,0.49389
99100,1,AP->STA1,99099,968,0.493901
99200,1,AP->STA1,99197,968,0.493901
99300,1,AP->STA1,99305,968,0.493903
99400,1,AP->STA1,99404,968,0.493914
99500,1,AP->STA1,99503,968,0.493914
99600,1,AP->STA1,99602,968,0.493925
99700,1,AP->STA1,99701,968,0.493926
99800,1,AP->STA1,99801,968,0.493926
99900,1,AP->STA1,99901,968,0.493937
100000,1,AP->STA1,100000,968,0.493938
